date,year,season,location,sampleID,sampling,microhabitat,sample_num,lat,long,alt,depth_cm,DO_mg.L,light_umol.m2.s,flow_rate_m.s,pH,water_temp_C,turbidity_NTU,conductivity_uS.cm
5/29/2018,2018,Summer,Downstream,01DRSU18,macros,,,,,,,8.32,,,7.61,17.4,,
5/31/2018,2018,Summer,Upstream,01URSU18,macros,,,,,,,8.55,,,7.48,17.3,,
6/5/2018,2018,Summer,Downstream,02DRSU18,macros,,,,,,,8.84,,,7.51,14.1,,
6/6/2018,2018,Summer,Upstream,02URSU18,macros,,,,,,,9.06,,,7.53,14.4,,
6/7/2018,2018,Summer,Downstream,03DRSU18,macros,,,,,,,8.82,,,7.4,15.2,,
6/8/2018,2018,Summer,Upstream,03URSU18,macros,,,,,,,9.11,,,7.48,14.9,,
6/11/2018,2018,Summer,Downstream,waterQ_SU18DR,water,DSR,1,,,,,8.62,62,0.0000,7.66,19,4.6,
6/11/2018,2018,Summer,Upstream,waterQ_SU18UR,water,USR,1,,,,,9.18,106,0.0010,7.83,18.3,5.6,
6/11/2018,2018,Summer,Downstream,waterQ_SU18DR,water,DSR,2,,,,,8.51,33,0.0000,7.63,19.1,,
6/11/2018,2018,Summer,Downstream,waterQ_SU18DR,water,DM,1,,,,,8.48,43,0.0690,7.65,19.9,,
6/11/2018,2018,Summer,Downstream,waterQ_SU18DR,water,DFR,3,,,,,8.48,28,0.0190,7.66,19.8,,
6/11/2018,2018,Summer,Downstream,waterQ_SU18DR,water,DSH,1,,,,,8.46,14,0.2580,7.66,20.1,,
6/11/2018,2018,Summer,Downstream,waterQ_SU18DR,water,DSH,2,,,,,8.46,8,0.3670,7.66,20.1,,
6/11/2018,2018,Summer,Downstream,waterQ_SU18DR,water,DFR,1,,,,,8.56,43,0.0280,7.67,19.6,,
6/11/2018,2018,Summer,Downstream,waterQ_SU18DR,water,DFR,2,,,,,8.49,34,0.0640,7.67,19.8,,
6/11/2018,2018,Summer,Downstream,waterQ_SU18DR,water,DSH,3,,,,,8.46,12,0.2280,7.67,20.1,,
6/11/2018,2018,Summer,Downstream,waterQ_SU18DR,water,DSR,3,,,,,8.65,34,0.0050,7.68,19.3,,
6/11/2018,2018,Summer,Downstream,waterQ_SU18DR,water,DM,3,,,,,8.48,28,0.0490,7.68,20,,
6/11/2018,2018,Summer,Downstream,waterQ_SU18DR,water,DM,2,,,,,8.43,34,0.1540,7.69,19.9,,
6/11/2018,2018,Summer,Downstream,waterQ_SU18DR,water,DSP,2,,,,,8.46,302,0.5640,7.69,20.2,,
6/11/2018,2018,Summer,Downstream,waterQ_SU18DR,water,DSP,1,,,,,8.45,915,0.1570,7.7,20.2,,
6/11/2018,2018,Summer,Downstream,waterQ_SU18DR,water,DSP,3,,,,,8.51,96,0.3400,7.73,20.3,,
6/11/2018,2018,Summer,Upstream,waterQ_SU18UR,water,USR,2,,,,,9.18,108,0.0000,7.9,18.4,,
6/11/2018,2018,Summer,Upstream,waterQ_SU18UR,water,USH,1,,,,,8.83,94,0.0030,7.91,18.7,,
6/11/2018,2018,Summer,Upstream,waterQ_SU18UR,water,UFR,3,,,,,9,199,0.0030,7.93,18.7,,
6/11/2018,2018,Summer,Upstream,waterQ_SU18UR,water,USH,2,,,,,8.81,60,0.0190,7.93,18.8,,
6/11/2018,2018,Summer,Upstream,waterQ_SU18UR,water,USU,3,,,,,8.84,938,0.1480,7.93,18.9,,
6/11/2018,2018,Summer,Upstream,waterQ_SU18UR,water,USR,3,,,,,9.17,101,0.0000,7.94,18.5,,
6/11/2018,2018,Summer,Upstream,waterQ_SU18UR,water,UFR,1,,,,,9.02,31,0.0010,7.94,18.6,,
6/11/2018,2018,Summer,Upstream,waterQ_SU18UR,water,UFR,2,,,,,9.05,85,0.0020,7.94,18.8,,
6/11/2018,2018,Summer,Upstream,waterQ_SU18UR,water,USU,1,,,,,8.83,364,0.0280,7.94,18.8,,
6/11/2018,2018,Summer,Upstream,waterQ_SU18UR,water,USH,3,,,,,8.83,277,0.1430,7.94,18.8,,
6/11/2018,2018,Summer,Upstream,waterQ_SU18UR,water,USU,2,,,,,8.84,1117,0.4610,7.94,18.9,,
6/11/2018,2018,Summer,Upstream,waterQ_SU18UR,water,UM,2,,,,,9.08,1343,0.1750,7.96,18.8,,
6/11/2018,2018,Summer,Upstream,waterQ_SU18UR,water,UM,3,,,,,9.08,1358,0.6200,7.97,18.8,,
6/11/2018,2018,Summer,Upstream,waterQ_SU18UR,water,UM,1,,,,,9.08,1129,0.0060,7.98,18.7,,
9/17/2018,2018,Fall,Downstream,01DRFA18,macros,DM,,,,,,,,,,,4.2,135
9/17/2018,2018,Fall,Downstream,01DRFA18,macros,DFR,,,,,,,,,,,12.4,135
9/17/2018,2018,Fall,Downstream,01DRFA18,macros,DSP,,,,,,,,,,,6.3,135.5
9/17/2018,2018,Fall,Downstream,01DRFA18,macros,DSH,,,,,,,,,,,5.2,136.4
9/17/2018,2018,Fall,Downstream,01DRFA18,macros,DSR,,,,,,,,,,,11.9,137.1
9/17/2018,2018,Fall,Downstream,01DRFA18,macros,,,,,,,9.12,,,7.47,21.3,,
9/24/2018,2018,Fall,Upstream,01URFA18,macros,USU,,,,,,,,,,,2.5,109.2
9/24/2018,2018,Fall,Upstream,01URFA18,macros,USH,,,,,,,,,,,9.6,109.7
9/24/2018,2018,Fall,Upstream,01URFA18,macros,UFR,,,,,,,,,,,5.3,117.5
9/24/2018,2018,Fall,Upstream,01URFA18,macros,USR,,,,,,,,,,,9.6,117.8
9/24/2018,2018,Fall,Upstream,01URFA18,macros,UM,,,,,,,,,,,9.2,118.7
9/24/2018,2018,Fall,Upstream,01URFA18,macros,,,,,,,10.86,,,7.61,13.1,,
9/25/2018,2018,Fall,Downstream,02DRFA18,macros,DM,,,,,,,,,7.68,,9.9,119
9/25/2018,2018,Fall,Downstream,02DRFA18,macros,DSH,,,,,,,,,7.58,,10.5,119.9
9/25/2018,2018,Fall,Downstream,02DRFA18,macros,DFR,,,,,,,,,7.73,,7.7,120.3
9/25/2018,2018,Fall,Downstream,02DRFA18,macros,DSR,,,,,,,,,7.66,,7.8,120.4
9/25/2018,2018,Fall,Downstream,02DRFA18,macros,DSP,,,,,,,,,7.42,,4.3,123.5
9/25/2018,2018,Fall,Downstream,02DRFA18,macros,,,,,,,,,,7.614,,,
10/1/2018,2018,Fall,Upstream,waterQ_FA18UR,water,USH,3,42.3208444,-72.6543074,58,51,10.92,31,0.5000,7.55,14.5,3.5,94.5
10/1/2018,2018,Fall,Upstream,waterQ_FA18UR,water,USU,1,42.3207849,-72.6540406,55,33.5,10.93,77,0.7490,7.54,14.5,4,96.5
10/1/2018,2018,Fall,Upstream,waterQ_FA18UR,water,USH,1,42.3208547,-72.6543689,55,45,10.93,54,0.6280,7.52,14.5,7.2,96.7
10/1/2018,2018,Fall,Upstream,waterQ_FA18UR,water,USU,3,42.3207788,-72.6540992,63,32,10.93,105,0.7110,7.54,14.5,3.7,97.3
10/1/2018,2018,Fall,Upstream,waterQ_FA18UR,water,USU,2,42.3207452,-72.6540589,71,29,10.92,99,0.9060,7.54,14.5,12.7,97.3
10/1/2018,2018,Fall,Upstream,waterQ_FA18UR,water,USH,2,42.3208846,-72.6543096,57,45,10.92,35,0.6710,7.57,14.5,9.9,97.4
10/1/2018,2018,Fall,Upstream,waterQ_FA18UR,water,UM,2,42.3193222,-72.6548138,46,36,10.94,204,0.5370,7.55,14.4,8.9,100.1
10/1/2018,2018,Fall,Upstream,waterQ_FA18UR,water,UM,1,42.31934,-72.65476,48,41,10.92,135,0.4420,7.54,14.4,11,101.2
10/1/2018,2018,Fall,Upstream,waterQ_FA18UR,water,UM,3,42.3193481,-72.6548371,57,38,10.94,150,0.4440,7.56,14.5,2.4,101.3
10/1/2018,2018,Fall,Downstream,waterQ_FA18DR,water,DM,2,42.315116,-72.6410273,53,35,10.77,17,0.4060,7.53,14.8,3,102.8
10/1/2018,2018,Fall,Upstream,waterQ_FA18UR,water,UFR,1,42.3192584,-72.6547117,70,40.5,10.93,37,0.3410,7.53,14.4,4.7,102.8
10/1/2018,2018,Fall,Downstream,waterQ_FA18DR,water,DSH,2,42.3152698,-72.6411181,41,38,10.75,6,0.7030,7.54,14.8,4.4,102.9
10/1/2018,2018,Fall,Downstream,waterQ_FA18DR,water,DM,1,42.3151531,-72.6410329,53,38,10.76,16,0.4990,7.53,14.8,3.9,103.4
10/1/2018,2018,Fall,Downstream,waterQ_FA18DR,water,DFR,3,42.31508,-72.64111,39,28,10.7,15,0.2740,7.52,14.8,4,103.4
10/1/2018,2018,Fall,Downstream,waterQ_FA18DR,water,DSH,1,42.315306,-72.6411069,42,34,10.7,6,0.5440,7.53,14.8,4.3,103.4
10/1/2018,2018,Fall,Upstream,waterQ_FA18UR,water,UFR,2,42.3192945,-72.654645,72,37.5,10.93,52,0.2970,7.52,14.4,3.9,103.6
10/1/2018,2018,Fall,Downstream,waterQ_FA18DR,water,DSP,2,42.31533,-72.6410269,50,28.5,10.76,24,0.5200,7.52,14.8,4,103.6
10/1/2018,2018,Fall,Downstream,waterQ_FA18DR,water,DSR,3,42.31498,-72.6410972,45,31,10.69,14,0.1340,7.52,14.9,8.6,103.6
10/1/2018,2018,Fall,Downstream,waterQ_FA18DR,water,DFR,2,42.3150429,-72.6411165,42,29,10.71,13,0.5220,7.52,14.8,10.2,103.6
10/1/2018,2018,Fall,Downstream,waterQ_FA18DR,water,DM,3,42.31512,-72.6410521,49,43,10.77,14,0.4590,7.51,14.8,3,103.7
10/1/2018,2018,Fall,Upstream,waterQ_FA18UR,water,USR,2,42.31917,-72.65488,65,45,10.94,76,0.0690,7.51,14.4,2.4,104
10/1/2018,2018,Fall,Downstream,waterQ_FA18DR,water,DSR,1,42.314924,-72.6410881,47,28,10.58,28,0.0720,7.36,14.9,5.2,104
10/1/2018,2018,Fall,Upstream,waterQ_FA18UR,water,UFR,3,42.3193,-72.65462,52,47.5,10.93,50,0.0360,7.55,14.4,5.1,104.1
10/1/2018,2018,Fall,Downstream,waterQ_FA18DR,water,DSH,3,42.315326,-72.6410925,44,26,10.73,6,0.7680,7.51,14.8,5.9,104.2
10/1/2018,2018,Fall,Downstream,waterQ_FA18DR,water,DSP,3,42.3152608,-72.6410283,57,32,10.76,19,0.8200,7.53,14.8,4.6,104.3
10/1/2018,2018,Fall,Upstream,waterQ_FA18UR,water,USR,3,42.3191381,-72.6549137,53,43.5,10.94,191,0.2120,7.53,14.4,8.8,104.4
10/1/2018,2018,Fall,Downstream,waterQ_FA18DR,water,DSR,2,42.314957,-72.6410952,46,18.5,10.67,23,0.2060,7.49,14.9,12.5,104.5
10/1/2018,2018,Fall,Downstream,waterQ_FA18DR,water,DSP,1,42.31528,-72.64104,54,27.5,10.76,24,0.5250,7.52,14.8,3.8,105.1
10/1/2018,2018,Fall,Upstream,waterQ_FA18UR,water,USR,1,42.31919,-72.65485,58,36,10.94,83,0.2690,7.5,14.3,1.7,105.2
10/1/2018,2018,Fall,Downstream,waterQ_FA18DR,water,DFR,1,42.31501,-72.64111,39,29,10.7,15,0.2070,7.52,14.8,13.7,106.3
10/2/2018,2018,Fall,Upstream,02URFA18,macros,USU,,,,,,,,,7.42,,12.3,92.9
10/2/2018,2018,Fall,Upstream,02URFA18,macros,USH,,,,,,,,,7.54,,9.8,93.2
10/2/2018,2018,Fall,Upstream,02URFA18,macros,UM,,,,,,,,,7.39,,11.6,97.1
10/2/2018,2018,Fall,Upstream,02URFA18,macros,USR,,,,,,,,,7.22,,12.6,100.5
10/2/2018,2018,Fall,Upstream,02URFA18,macros,UFR,,,,,,,,,7.49,,11.7,101.3
10/2/2018,2018,Fall,Upstream,02URFA18,macros,,,,,,,10.62,,,7.42,16.6,,
10/4/2018,2018,Fall,Upstream,03URFA18,macros,,,,,,,,,,,,,
10/11/2018,2018,Fall,Downstream,03DRFA18,macros,,,,,,,,,,,,,
5/28/2019,2019,Summer,Downstream,01DRSU19,macros,DSH,1,42.3151,-72.64099,74,17,10.29,31,0.6150,7.48,17.1,9.9,125.3
5/28/2019,2019,Summer,Downstream,01DRSU19,macros,DSP,1,42.31534,-72.64104,37,11,10.31,114,0.4480,7.49,16.9,8.7,127.1
5/28/2019,2019,Summer,Downstream,01DRSU19,macros,DFR,1,42.31514,-72.64116,66,23.6,10.24,57,0.0920,7.48,16.8,5,127.4
5/28/2019,2019,Summer,Downstream,01DRSU19,macros,DFR,2,42.31506,-72.64111,58,21.4,10.22,55,0.2210,7.48,17.2,8.5,127.4
5/28/2019,2019,Summer,Downstream,01DRSU19,macros,DSP,2,42.34538,-72.6411,37,22.5,10.32,98,0.1910,7.49,16.9,6.6,127.55
5/28/2019,2019,Summer,Downstream,01DRSU19,macros,DSR,2,42.31496,-72.64104,50,21,10.1,69,0.1210,7.46,17.1,7.4,127.8
5/28/2019,2019,Summer,Downstream,01DRSU19,macros,DSH,2,42.31504,-72.64094,68,21.5,10.26,44,0.5590,7.47,17.1,10.6,128
5/28/2019,2019,Summer,Downstream,01DRSU19,macros,DM,1,42.31504,-72.64114,70,25,10.27,62,0.2840,7.47,16.9,8,128.1
5/28/2019,2019,Summer,Downstream,01DRSU19,macros,DSR,1,42.3149,-72.64099,41,24,10.1,59,0.2520,7.46,16.7,6.5,128.3
5/28/2019,2019,Summer,Downstream,01DRSU19,macros,DM,2,42.31511,-72.64109,56,20.5,10.32,62,0.3030,7.47,16.9,11.8,129
5/30/2019,2019,Summer,Upstream,01URSU19,macros,USU,1,42.32038,-72.65352,63,25.3,,73,0.3640,7.58,13.5,5.7,107
5/30/2019,2019,Summer,Upstream,01URSU19,macros,USH,2,42.32038,-72.65387,48,32,,100,0.4150,7.57,13.5,8.6,107.1
5/30/2019,2019,Summer,Upstream,01URSU19,macros,USU,2,42.32038,-72.65355,67,23,,77,0.5490,7.56,13.5,4.5,108.4
5/30/2019,2019,Summer,Upstream,01URSU19,macros,USH,1,42.32038,-72.65364,53,53.5,,46,0.6870,7.58,13.5,4.5,108.6
5/30/2019,2019,Summer,Upstream,01URSU19,macros,UM,1,42.31939,-72.65484,66,32,,129,0.1640,7.56,13.4,6.4,115.8
5/30/2019,2019,Summer,Upstream,01URSU19,macros,UM,2,42.31933,-72.65474,77,27.5,,156,0.4860,7.55,13.4,6.8,117.8
5/30/2019,2019,Summer,Upstream,01URSU19,macros,UFR,2,42.31931,-72.65466,41,40.1,11.11,38,0.0990,7.54,13.3,4.2,119.7
5/30/2019,2019,Summer,Upstream,01URSU19,macros,USR,2,42.31924,-72.65486,49,26.5,11.06,78,0.1330,7.53,13.2,6.9,119.7
5/30/2019,2019,Summer,Upstream,01URSU19,macros,USR,1,42.31925,-72.65489,62,41.5,10.98,51,0.0820,7.51,13.2,5.9,120.6
5/30/2019,2019,Summer,Upstream,01URSU19,macros,UFR,1,42.31935,-72.65464,61,36.2,11.1,41,0.0640,7.55,13.3,4.5,121.9
5/31/2019,2019,Summer,Upstream,02URSU19,macros,USH,2,42.32041,-72.65397,68,31.9,10.37,124,0.3300,7.63,14.9,3.9,109.3
5/31/2019,2019,Summer,Upstream,02URSU19,macros,USU,2,42.3204,-72.65356,50,25,10.38,173,0.5160,7.64,15,5.4,109.3
5/31/2019,2019,Summer,Upstream,02URSU19,macros,USU,1,42.32051,-72.65365,50,12.8,10.35,187,0.1130,7.65,15,3.2,109.4
5/31/2019,2019,Summer,Upstream,02URSU19,macros,USH,1,42.32049,-72.65372,58,17.4,10.36,126,0.2090,7.65,14.9,2.4,109.6
5/31/2019,2019,Summer,Upstream,02URSU19,macros,UM,1,42.31937,-72.65486,63,47.8,10.43,199,0.5150,7.63,14.8,3.4,116.7
5/31/2019,2019,Summer,Upstream,02URSU19,macros,UM,2,42.31937,-72.65486,55,38,10.47,362,0.4300,7.62,14.8,4,117.2
5/31/2019,2019,Summer,Upstream,02URSU19,macros,UFR,1,42.31927,-72.65479,60,38.6,10.33,59,0.1850,7.57,14.5,4.7,120.2
5/31/2019,2019,Summer,Upstream,02URSU19,macros,USR,2,42.3192,-72.65477,58,24.5,10.29,127,0.1740,7.56,14.4,5.5,120.5
5/31/2019,2019,Summer,Upstream,02URSU19,macros,UFR,2,42.31933,-72.65472,62,43.9,10.38,41,0.1280,7.57,14.5,7.1,121.7
5/31/2019,2019,Summer,Upstream,02URSU19,macros,USR,1,42.31929,-72.65486,70,34.2,10.25,98,0.0720,7.54,14.4,6,122.9
6/3/2019,2019,Summer,Downstream,02DRSU19,macros,DSP,1,42.31545,-72.64118,52,19,9.84,1065,0.4060,7.56,16.3,6.7,129
6/3/2019,2019,Summer,Downstream,02DRSU19,macros,DM,2,42.31513,-72.64112,57,25,9.83,956,0.1860,7.49,16,8.6,129.1
6/3/2019,2019,Summer,Downstream,02DRSU19,macros,DM,1,42.31513,-72.64114,52,32,9.8,1075,0.2370,7.5,15.3,5,129.2
6/3/2019,2019,Summer,Downstream,02DRSU19,macros,DSH,1,42.31533,-72.64111,46,21.5,9.87,35,0.7130,7.52,16.3,8,129.3
6/3/2019,2019,Summer,Downstream,02DRSU19,macros,DSP,2,42.31539,-72.64118,51,25,9.84,1130,0.4000,7.56,16.3,7.9,129.6
6/3/2019,2019,Summer,Downstream,02DRSU19,macros,DSH,2,42.31533,-72.64112,40,21.5,9.86,244,0.0830,7.5,16.2,6.5,129.7
6/3/2019,2019,Summer,Downstream,02DRSU19,macros,DFR,2,42.31509,-72.64107,50,30,9.89,168,0.1970,7.5,16,6.6,129.7
6/3/2019,2019,Summer,Downstream,02DRSU19,macros,DSR,2,42.31503,-72.64114,40,18,9.88,63,0.1660,7.47,15.8,6.3,130.4
6/3/2019,2019,Summer,Downstream,02DRSU19,macros,DFR,1,42.3151,-72.64117,44,31.5,9.88,877,0.4600,7.5,15.9,7.6,130.5
6/3/2019,2019,Summer,Downstream,02DRSU19,macros,DSR,1,42.31508,-72.64112,57,31,9.87,50,0.1440,7.47,15.8,9,131.5
6/4/2019,2019,Summer,Downstream,03DRSU19,macros,DM,2,42.31515,-72.64118,55,30,10.23,1022,0.1510,7.45,14.5,6,122.5
6/4/2019,2019,Summer,Downstream,03DRSU19,macros,DFR,1,42.31505,-72.64115,50,20.5,10.26,80,0.3970,7.43,14.6,5.5,125.3
6/4/2019,2019,Summer,Downstream,03DRSU19,macros,DFR,2,42.31496,-72.64155,94,25,10.26,73,0.4420,7.44,14.6,7,125.5
6/4/2019,2019,Summer,Downstream,03DRSU19,macros,DSR,2,42.31486,-72.64111,33,19.5,10.22,51,0.0940,7.43,14.5,7.7,125.5
6/4/2019,2019,Summer,Downstream,03DRSU19,macros,DSP,2,42.31542,-72.6411,44,21.2,10.23,1353,0.1260,7.53,15,7.8,125.8
6/4/2019,2019,Summer,Downstream,03DRSU19,macros,DM,1,42.31513,-72.64112,55,18.5,10.21,1330,0.1510,7.44,14.5,5.2,126.5
6/4/2019,2019,Summer,Downstream,03DRSU19,macros,DSH,1,42.31534,-72.64121,47,19,10.27,46,0.6170,7.47,14.9,8.7,126.9
6/4/2019,2019,Summer,Downstream,03DRSU19,macros,DSR,1,42.31491,-72.64111,40,17,10.26,59,0.1480,7.44,14.5,7.4,127
6/4/2019,2019,Summer,Downstream,03DRSU19,macros,DSP,1,42.32543,-72.6411,41,14,10.21,1651,0.1770,7.5,15,7.5,127.3
6/4/2019,2019,Summer,Downstream,03DRSU19,macros,DSH,2,42.31533,-72.64116,54,18.5,10.26,50,0.3420,7.49,14.9,8,127.4
6/5/2019,2019,Summer,Upstream,03URSU19,macros,USH,1,42.32059,-72.6137,55,31.6,10.33,111,0.2100,7.76,15.7,4,120.7
6/5/2019,2019,Summer,Upstream,03URSU19,macros,USH,2,42.32048,-72.6537,61,26.5,10.3,84,0.1400,7.76,15.7,7.4,121
6/5/2019,2019,Summer,Upstream,03URSU19,macros,USU,1,42.32039,-72.65357,53,27.6,10.26,1212,0.3690,7.77,15.9,4.7,121.9
6/5/2019,2019,Summer,Upstream,03URSU19,macros,USU,2,42.32035,-72.65362,48,22.8,10.33,1331,0.4920,7.75,15.9,6.7,121.9
6/5/2019,2019,Summer,Upstream,03URSU19,macros,UM,2,42.31935,-72.65486,67,25.2,10.38,133,0.3630,7.75,15.3,4,132.1
6/5/2019,2019,Summer,Upstream,03URSU19,macros,UM,1,42.31933,-72.65481,60,24,10.36,647,0.0900,7.76,15.4,3.7,132.7
6/5/2019,2019,Summer,Upstream,03URSU19,macros,UFR,1,42.31914,-72.65463,69,29.4,10.37,46,0.0050,7.7,15.1,5,136.2
6/5/2019,2019,Summer,Upstream,03URSU19,macros,USR,2,42.31914,-72.65482,40,22.4,10.34,169,0.0350,7.66,15.1,4.4,136.8
6/5/2019,2019,Summer,Upstream,03URSU19,macros,UFR,2,42.31929,-72.65459,60,46,10.28,51,0.0080,7.71,15.1,4.9,136.8
6/5/2019,2019,Summer,Upstream,03URSU19,macros,USR,1,42.31925,-72.65486,67,14,10.29,156,0.0590,7.68,15.1,3.8,137.7
6/14/2019,2019,Summer,Upstream,waterQ_SU19UR,water,USH,2,42.3204,-72.65365,77,46,10.07,60,0.2980,7.72,15.8,3.6,117.6
6/14/2019,2019,Summer,Upstream,waterQ_SU19UR,water,USU,1,42.32031,-72.65352,85,32,10.06,182,0.4340,7.72,15.8,6.6,117.6
6/14/2019,2019,Summer,Upstream,waterQ_SU19UR,water,USH,1,42.32041,-72.65371,58,38,10.07,56,0.2810,7.72,15.8,3.8,117.8
6/14/2019,2019,Summer,Upstream,waterQ_SU19UR,water,USU,2,42.32037,-72.65357,63,22,10.06,194,0.2420,7.72,15.9,5.2,118.5
6/14/2019,2019,Summer,Upstream,waterQ_SU19UR,water,USU,3,42.32035,-72.65356,76,37,10.06,183,0.4700,7.73,15.8,5.7,119
6/14/2019,2019,Summer,Upstream,waterQ_SU19UR,water,USH,3,42.3244,-72.65374,65,52,10.07,52,0.4380,7.72,15.8,3.3,119.8
6/14/2019,2019,Summer,Upstream,waterQ_SU19UR,water,UM,2,42.3193,-72.65482,38,23,10.1,28,0.4920,7.73,15.8,6.8,125.5
6/14/2019,2019,Summer,Upstream,waterQ_SU19UR,water,UM,3,42.31933,-72.65478,46,26,10.08,27,0.2940,7.74,15.8,4.9,126.8
6/14/2019,2019,Summer,Downstream,waterQ_SU19DR,water,DSP,1,42.31547,-72.64103,68,19.5,9.98,108,0.1750,7.6,16.4,9.8,128.6
6/14/2019,2019,Summer,Downstream,waterQ_SU19DR,water,DFR,1,42.31525,-72.6412,42,20.5,9.93,28,0.1490,7.55,16.2,6.1,129.1
6/14/2019,2019,Summer,Upstream,waterQ_SU19UR,water,UM,1,42.31935,-72.65486,50,26,10.09,28,0.4950,7.74,15.8,6.4,129.1
6/14/2019,2019,Summer,Downstream,waterQ_SU19DR,water,DSR,3,42.315,-72.64116,33,23.5,9.91,26,0.1890,7.55,16.2,8.6,129.6
6/14/2019,2019,Summer,Downstream,waterQ_SU19DR,water,DFR,3,42.31518,-72.64112,36,23,9.92,96,0.2880,7.55,16.2,6.8,129.7
6/14/2019,2019,Summer,Downstream,waterQ_SU19DR,water,DSP,3,42.31544,-72.64115,63,18.5,9.98,136,0.1600,7.6,16.4,6.8,129.7
6/14/2019,2019,Summer,Downstream,waterQ_SU19DR,water,DFR,2,42.31517,-72.64117,47,25,9.92,60,0.2710,7.55,16.2,7.1,129.7
6/14/2019,2019,Summer,Upstream,waterQ_SU19UR,water,UFR,1,42.31935,-72.65464,52,36,10.08,17,0.0720,7.72,15.8,4.6,129.8
6/14/2019,2019,Summer,Upstream,waterQ_SU19UR,water,USR,1,42.31927,-72.65488,60,31.5,10.08,32,0.0600,7.75,15.8,5.9,129.8
6/14/2019,2019,Summer,Downstream,waterQ_SU19DR,water,DM,3,42.31509,-72.6411,52,31,9.97,112,0.1210,7.58,16.4,6.2,129.8
6/14/2019,2019,Summer,Upstream,waterQ_SU19UR,water,UFR,3,42.31936,-72.65467,38,30,10.06,33,0.1630,7.72,15.8,5.7,130
6/14/2019,2019,Summer,Downstream,waterQ_SU19DR,water,DSH,2,42.3153,-72.641119,48,21,9.93,46,0.3660,7.57,16.3,9.7,130
6/14/2019,2019,Summer,Downstream,waterQ_SU19DR,water,DSH,1,42.31526,-72.6412,43,20.5,9.93,32,0.4420,7.56,16.2,7.7,130.1
6/14/2019,2019,Summer,Downstream,waterQ_SU19DR,water,DSH,3,42.31537,-72.64123,41,25.5,9.96,36,0.3710,7.56,16.3,7,130.2
6/14/2019,2019,Summer,Downstream,waterQ_SU19DR,water,DSP,2,42.31545,-72.64112,57,21,9.99,150,0.2050,7.6,16.4,7.6,130.2
6/14/2019,2019,Summer,Downstream,waterQ_SU19DR,water,DSR,2,42.31511,-72.64119,30,33,9.89,25,0.1090,7.54,16.2,8,130.2
6/14/2019,2019,Summer,Downstream,waterQ_SU19DR,water,DM,2,42.31511,-72.64115,51,25,9.97,85,0.0550,7.57,16.3,4.6,130.5
6/14/2019,2019,Summer,Upstream,waterQ_SU19UR,water,USR,2,42.31923,-72.65485,54,25,10.08,27,0.0360,7.74,15.8,4.7,130.5
6/14/2019,2019,Summer,Downstream,waterQ_SU19DR,water,DM,1,42.31514,-72.6411,54,32,9.98,72,0.0640,7.58,16.4,6.6,130.9
6/14/2019,2019,Summer,Upstream,waterQ_SU19UR,water,UFR,2,42.31934,-72.65466,44,33.5,10.06,26,0.1080,7.72,15.8,7.6,131.1
6/14/2019,2019,Summer,Upstream,waterQ_SU19UR,water,USR,3,42.31934,-72.65485,57,26,10.09,29,0.0980,7.75,15.8,4.8,131.3
6/14/2019,2019,Summer,Downstream,waterQ_SU19DR,water,DSR,1,42.31509,-72.64118,45,19,9.85,24,0.1380,7.48,16.3,9.1,131.7
9/16/2019,2019,Fall,Upstream,01URFA19,macros,USU,2,,,,,,,,,,4.5,189.8
9/16/2019,2019,Fall,Upstream,01URFA19,macros,USU,1,42.32042,-7265350,31,,10.37,,,8.11,17.3,6.8,190.2
9/16/2019,2019,Fall,Upstream,01URFA19,macros,USH,2,,,,,,,,,,4.6,190.7
9/16/2019,2019,Fall,Upstream,01URFA19,macros,UM,3,,,,,,,,,,4.3,195.5
9/16/2019,2019,Fall,Upstream,01URFA19,macros,UM,2,,,,,,,,,,4.4,195.8
9/16/2019,2019,Fall,Upstream,01URFA19,macros,USR,2,,,,,,,,,,6.9,195.9
9/16/2019,2019,Fall,Upstream,01URFA19,macros,USR,1,42.31021,-72.6547,51,,10.38,,,8.05,17.2,19.2,196
9/16/2019,2019,Fall,Upstream,01URFA19,macros,USU,3,,,,,,,,,,6,196.1
9/16/2019,2019,Fall,Upstream,01URFA19,macros,USR,3,,,,,,,,,,10.9,196.2
9/16/2019,2019,Fall,Upstream,01URFA19,macros,UM,1,42.31929,-72.65477,65,,10.43,,,8.14,17.5,5.9,196.6
9/16/2019,2019,Fall,Upstream,01URFA19,macros,UFR,2,,,,,,,,,,5.9,196.7
9/16/2019,2019,Fall,Upstream,01URFA19,macros,UFR,1,42.3103,-72.65462,54,,10.45,,,8.08,17.3,7.4,196.7
9/16/2019,2019,Fall,Upstream,01URFA19,macros,UFR,3,,,,,,,,,,6.6,197.7
9/16/2019,2019,Fall,Upstream,01URFA19,macros,USH,3,,,,,,,,,,2.7,201.9
9/16/2019,2019,Fall,Upstream,01URFA19,macros,USH,1,42.32043,-72.65364,71,,10.35,,,8.11,17.3,6.5,204.1
9/17/2019,2019,Fall,Downstream,01DRFA19,macros,DSH,3,,,,,,,,,,8.1,202.4
9/17/2019,2019,Fall,Downstream,01DRFA19,macros,DSP,2,,,,,,,,,,10.9,203.3
9/17/2019,2019,Fall,Downstream,01DRFA19,macros,DSH,2,,,,,,,,,,7.7,203.9
9/17/2019,2019,Fall,Downstream,01DRFA19,macros,DFR,3,,,,,,,,,,11.4,203.9
9/17/2019,2019,Fall,Downstream,01DRFA19,macros,DSP,3,,,,,,,,,,8.1,204
9/17/2019,2019,Fall,Downstream,01DRFA19,macros,DSH,1,42.31531,-72.6412,53,,10.03,,,7.48,19.3,7.7,204.7
9/17/2019,2019,Fall,Downstream,01DRFA19,macros,DFR,1,42.31504,-72.64114,44,,9.83,,,7.48,19.1,12,204.9
9/17/2019,2019,Fall,Downstream,01DRFA19,macros,DSR,2,,,,,,,,,,8.1,205
9/17/2019,2019,Fall,Downstream,01DRFA19,macros,DFR,2,,,,,,,,,,8.4,205
9/17/2019,2019,Fall,Downstream,01DRFA19,macros,DM,2,,,,,,,,,,23.6,205.1
9/17/2019,2019,Fall,Downstream,01DRFA19,macros,DM,1,42.31509,-72.64103,41,,9.91,,,7.48,19.2,7.6,205.3
9/17/2019,2019,Fall,Downstream,01DRFA19,macros,DSP,1,42.31532,-72.64103,43,,9.91,,,7.51,19.2,8.7,205.8
9/17/2019,2019,Fall,Downstream,01DRFA19,macros,DSR,3,,,,,,,,,,7.1,206.5
9/17/2019,2019,Fall,Downstream,01DRFA19,macros,DSR,1,42.31507,-72.64112,40,,9.73,,,7.43,19,10.8,206.7
9/17/2019,2019,Fall,Downstream,01DRFA19,macros,DM,3,,,,,,,,,,11.1,223.7
9/23/2019,2019,Fall,Downstream,02DRFA19,macros,DM,1,,,52,,9.93,,,7.63,19.8,7.7,216.3
9/23/2019,2019,Fall,Downstream,02DRFA19,macros,DSP,3,,,,,,,,,,4.8,216.8
9/23/2019,2019,Fall,Downstream,02DRFA19,macros,DSP,2,,,,,,,,,,12.1,216.8
9/23/2019,2019,Fall,Downstream,02DRFA19,macros,DSH,3,,,,,,,,,,6.9,218.7
9/23/2019,2019,Fall,Downstream,02DRFA19,macros,DSH,2,,,,,,,,,,8.3,218.7
9/23/2019,2019,Fall,Downstream,02DRFA19,macros,DFR,3,,,,,,,,,,8.2,218.8
9/23/2019,2019,Fall,Downstream,02DRFA19,macros,DM,3,,,,,,,,,,6.3,219.1
9/23/2019,2019,Fall,Downstream,02DRFA19,macros,DFR,2,,,,,,,,,,7,219.4
9/23/2019,2019,Fall,Downstream,02DRFA19,macros,DSR,2,,,,,,,,,,29,219.5
9/23/2019,2019,Fall,Downstream,02DRFA19,macros,DSP,1,,,43,,10,,,7.56,19.5,7,220.3
9/23/2019,2019,Fall,Downstream,02DRFA19,macros,DSH,1,,,47,,10.03,,,7.58,19.5,6.9,220.5
9/23/2019,2019,Fall,Downstream,02DRFA19,macros,DM,2,,,,,,,,,,9,220.9
9/23/2019,2019,Fall,Downstream,02DRFA19,macros,DFR,1,,,47,,9.9,,,7.57,19.7,9.1,221.1
9/23/2019,2019,Fall,Downstream,02DRFA19,macros,DSR,3,,,,,,,,,,14.9,221.5
9/23/2019,2019,Fall,Downstream,02DRFA19,macros,DSR,1,,,47,,9.7,,,7.56,20,23.8,223.7
9/24/2019,2019,Fall,Upstream,02URFA19,macros,UFR,3,,,,,,,,,,6.2,208.7
9/24/2019,2019,Fall,Upstream,02URFA19,macros,USU,1,42.32037,-72.65355,74,,9.98,,,8.12,18.4,7,209.4
9/24/2019,2019,Fall,Upstream,02URFA19,macros,USU,2,,,,,,,,,,7.6,210.2
9/24/2019,2019,Fall,Upstream,02URFA19,macros,USH,2,,,,,,,,,,6.6,211.1
9/24/2019,2019,Fall,Upstream,02URFA19,macros,USH,1,42.32052,-72.65364,61,,10.22,,,8.1,18.3,4.9,211.2
9/24/2019,2019,Fall,Upstream,02URFA19,macros,UFR,1,42.31936,-72.65463,61,,10.44,,,8.06,18.3,8.7,211.4
9/24/2019,2019,Fall,Upstream,02URFA19,macros,UM,2,,,,,,,,,,5.4,213.3
9/24/2019,2019,Fall,Upstream,02URFA19,macros,UFR,2,,,,,,,,,,4.7,213.5
9/24/2019,2019,Fall,Upstream,02URFA19,macros,UM,1,42.31937,-72.6548,51,,10.55,,,8.2,18.4,4.1,214.6
9/24/2019,2019,Fall,Upstream,02URFA19,macros,UM,3,,,,,,,,,,4.2,215.2
9/24/2019,2019,Fall,Upstream,02URFA19,macros,USU,3,,,,,,,,,,6,217
9/24/2019,2019,Fall,Upstream,02URFA19,macros,USH,3,,,,,,,,,,3.4,217.1
9/24/2019,2019,Fall,Upstream,02URFA19,macros,USR,3,,,,,,,,,,16.4,220.4
9/24/2019,2019,Fall,Upstream,02URFA19,macros,USR,2,,,,,,,,,,21.7,222.8
9/24/2019,2019,Fall,Upstream,02URFA19,macros,USR,1,42.31921,-72.65492,71,,10.08,,,7.75,18,11.3,223.9
9/26/2019,2019,Fall,Downstream,03DRFA19,macros,DFR,3,,,,,,,,,,11.4,210.6
9/26/2019,2019,Fall,Downstream,03DRFA19,macros,DFR,2,,,,,,,,,,7,215.2
9/26/2019,2019,Fall,Downstream,03DRFA19,macros,DSH,3,,,,,,,,,,24.4,215.8
9/26/2019,2019,Fall,Downstream,03DRFA19,macros,DSR,2,,,,,,,,,,32.7,216.4
9/26/2019,2019,Fall,Downstream,03DRFA19,macros,DM,1,,,,,,,,7.4,,9.6,217.1
9/26/2019,2019,Fall,Downstream,03DRFA19,macros,DSH,2,,,,,,,,,,8.6,217.6
9/26/2019,2019,Fall,Downstream,03DRFA19,macros,DSP,3,,,,,,,,,,7.3,217.8
9/26/2019,2019,Fall,Downstream,03DRFA19,macros,DFR,1,,,,,,,,7.42,,17.8,218
9/26/2019,2019,Fall,Downstream,03DRFA19,macros,DSH,1,,,,,,,,7.4,,10.9,218.2
9/26/2019,2019,Fall,Downstream,03DRFA19,macros,DSR,3,,,,,,,,,,34,218.2
9/26/2019,2019,Fall,Downstream,03DRFA19,macros,DSP,1,,,,,,,,7.36,,21.2,218.3
9/26/2019,2019,Fall,Downstream,03DRFA19,macros,DSP,2,,,,,,,,,,21.2,218.6
9/26/2019,2019,Fall,Downstream,03DRFA19,macros,DM,3,,,,,,,,,,9.9,219.9
9/26/2019,2019,Fall,Downstream,03DRFA19,macros,DM,2,,,,,,,,,,9,220.6
9/26/2019,2019,Fall,Downstream,03DRFA19,macros,DSR,1,,,,,,,,7.45,,15,222.9
9/30/2019,2019,Fall,Upstream,waterQ_FA19UR01,water,USU,1,42.32037,-72.65347,60,24.7,10.75,40,0.2110,7.98,15.2,10.4,208.2
9/30/2019,2019,Fall,Upstream,waterQ_FA19UR01,water,USU,2,42.32037,-72.6535,60,28,10.76,50,0.1950,7.99,15.2,6.8,209.6
9/30/2019,2019,Fall,Upstream,waterQ_FA19UR01,water,UFR,1,42.31932,-72.65465,54,30.2,10.95,33,0.0070,7.95,14.8,16.1,210.8
9/30/2019,2019,Fall,Upstream,waterQ_FA19UR01,water,UM,3,42.3194,-72.65475,59,16.3,10.98,829,0.0150,8.03,15.2,12,211.4
9/30/2019,2019,Fall,Upstream,waterQ_FA19UR01,water,UM,1,42.31941,-72.65475,60,24.5,10.99,644,0.0180,8.03,15,10.3,211.8
9/30/2019,2019,Fall,Upstream,waterQ_FA19UR01,water,USU,3,42.32039,-72.65344,55,34.4,10.71,75,0.1730,7.97,15.2,9.8,211.9
9/30/2019,2019,Fall,Downstream,waterQ_FA19DR01,water,DSH,2,42.31532,-72.64121,,11.3,10.35,11,0.1370,7.58,18,25.9,213
9/30/2019,2019,Fall,Downstream,waterQ_FA19DR01,water,DSR,3,42.31506,-72.64113,,15.9,10.27,64,0.0000,7.58,18.1,9.8,213.4
9/30/2019,2019,Fall,Upstream,waterQ_FA19UR01,water,USH,1,42.32042,-72.65361,65,44,10.71,18,0.1230,7.93,15.2,9.1,213.5
9/30/2019,2019,Fall,Upstream,waterQ_FA19UR01,water,UFR,3,42.31943,-72.65463,54,47.8,10.91,31,0.0240,7.97,14.9,12.2,213.6
9/30/2019,2019,Fall,Upstream,waterQ_FA19UR01,water,UM,2,42.31941,-72.6548,59,13.8,10.82,701,0.2970,8.06,15.2,8.5,213.7
9/30/2019,2019,Fall,Downstream,waterQ_FA19DR01,water,DSH,3,42.31528,-72.64118,,14.1,10.33,11,0.0350,7.59,18,8.7,213.9
9/30/2019,2019,Fall,Upstream,waterQ_FA19UR01,water,USR,2,42.31916,-72.65485,57,23.8,10.84,92,0.0070,7.93,14.7,4.9,214.2
9/30/2019,2019,Fall,Upstream,waterQ_FA19UR01,water,UFR,2,42.31941,-72.65465,53,20.8,10.87,45,0.0080,7.93,14.9,9.4,214.3
9/30/2019,2019,Fall,Downstream,waterQ_FA19DR01,water,DFR,3,42.3151,-72.64118,,16.3,10.26,32,0.0430,7.58,18.1,18.6,214.4
9/30/2019,2019,Fall,Upstream,waterQ_FA19UR01,water,USR,3,42.31922,-72.65478,55,19.9,10.89,114,0.0070,8.01,14.8,6.6,214.6
9/30/2019,2019,Fall,Upstream,waterQ_FA19UR01,water,USR,1,42.31921,-72.65483,61,11.5,10.28,70,0.0080,7.91,14.9,13.8,215.1
9/30/2019,2019,Fall,Downstream,waterQ_FA19DR01,water,DSH,1,42.31525,-72.64115,,10.5,10,18,0.0840,7.58,18.1,7.2,215.5
9/30/2019,2019,Fall,Upstream,waterQ_FA19UR01,water,USH,3,42.32051,-72.65361,62,74.8,10.65,8,0.0110,7.95,15.2,7.8,215.5
9/30/2019,2019,Fall,Downstream,waterQ_FA19DR01,water,DM,1,42.31518,-72.641106,,21,10.27,78,0.2400,7.61,18,12.2,215.5
9/30/2019,2019,Fall,Upstream,waterQ_FA19UR01,water,USH,2,42.32046,-72.6536,62,48.8,10.73,12,0.0330,7.95,15.2,4.3,216.6
9/30/2019,2019,Fall,Downstream,waterQ_FA19DR01,water,DFR,1,42.31504,-72.64112,,10.6,10.17,28,0.0000,7.58,18,9.6,217.1
9/30/2019,2019,Fall,Downstream,waterQ_FA19DR01,water,DSP,1,42.31529,-72.64108,,17,10.17,568,0.1360,7.61,18,14.6,217.7
9/30/2019,2019,Fall,Downstream,waterQ_FA19DR01,water,DM,3,42.31514,-72.64111,,24.6,10.28,52,0.0610,7.61,18.1,9.4,218.2
9/30/2019,2019,Fall,Downstream,waterQ_FA19DR01,water,DSR,2,42.31508,-72.64114,,16,10.23,72,0.0000,7.56,18,30,219
9/30/2019,2019,Fall,Downstream,waterQ_FA19DR01,water,DFR,2,42.31512,-72.64118,,18.5,10.27,29,0.0000,7.58,18.1,9.3,219.2
9/30/2019,2019,Fall,Downstream,waterQ_FA19DR01,water,DM,2,42.3152,-72.64104,,15.8,10.21,90,0.1570,7.6,18.1,10.9,219.3
9/30/2019,2019,Fall,Downstream,waterQ_FA19DR01,water,DSP,2,42.31534,-72.64109,,7.1,10.28,625,0.2710,7.62,18,24.5,219.4
9/30/2019,2019,Fall,Downstream,waterQ_FA19DR01,water,DSR,1,42.31498,-72.64114,,17.4,9.9,53,0.0000,7.54,17.5,17.7,219.6
9/30/2019,2019,Fall,Downstream,waterQ_FA19DR01,water,DSP,3,42.31527,-72.64105,,14.5,10.24,116,0.2010,7.6,18,7.5,219.7
10/1/2019,2019,Fall,Upstream,waterQ_FA19UR02,water,USU,2,42.32043,-72.65349,,23,10.81,180,0.2240,8.17,16.6,6.2,207.4
10/1/2019,2019,Fall,Upstream,waterQ_FA19UR02,water,USU,1,42.32047,-72.65355,,21,10.79,92,0.1600,8.17,16.6,12,208.6
10/1/2019,2019,Fall,Upstream,waterQ_FA19UR02,water,USH,3,42.32049,-72.65371,,38,10.81,42,0.0000,8.18,16.6,5.7,209
10/1/2019,2019,Fall,Upstream,waterQ_FA19UR02,water,USU,3,42.3206,-72.65356,,25,10.81,103,0.1520,8.14,16.6,8.8,209.5
10/1/2019,2019,Fall,Upstream,waterQ_FA19UR02,water,USH,1,42.32045,-72.65367,,34.5,10.75,34,0.1270,8.17,16.6,8.8,210.7
10/1/2019,2019,Fall,Upstream,waterQ_FA19UR02,water,UM,1,42.31924,-72.65484,,21,10.83,866,0.0000,8.02,16.54,8.2,211
10/1/2019,2019,Fall,Upstream,waterQ_FA19UR02,water,USR,2,42.31916,-72.65483,,14.5,11.01,257,0.0000,7.96,16.6,25.1,211.1
10/1/2019,2019,Fall,Downstream,waterQ_FA19DR02,water,DSP,1,42.31536,-72.64101,,15,10,194,0.0600,7.63,17.9,15.4,211.8
10/1/2019,2019,Fall,Upstream,waterQ_FA19UR02,water,UM,3,42.31932,-72.65476,,16,10.97,667,0.2180,8.14,16.5,7.2,214.5
10/1/2019,2019,Fall,Downstream,waterQ_FA19DR02,water,DSP,2,42.31536,-72.64105,,18,10.1,163,0.3120,7.61,17.8,9.5,214.8
10/1/2019,2019,Fall,Downstream,waterQ_FA19DR02,water,DSH,3,42.31533,-72.64108,,21,10.31,38,0.2670,7.6,17.8,9.2,215.2
10/1/2019,2019,Fall,Upstream,waterQ_FA19UR02,water,USR,1,42.31914,-72.65479,,14.75,10.71,347,0.0000,7.81,16.7,8.1,215.3
10/1/2019,2019,Fall,Downstream,waterQ_FA19DR02,water,DSH,2,42.31527,-72.64104,,16,10.32,48,0.2810,7.6,17.8,10.8,215.3
10/1/2019,2019,Fall,Downstream,waterQ_FA19DR02,water,DFR,2,42.31505,-72.64103,,17,10.09,106,0.0000,7.56,18,8.9,215.6
10/1/2019,2019,Fall,Upstream,waterQ_FA19UR02,water,USH,2,42.32051,-72.65368,,46,10.78,24,0.3300,8.14,16.6,9,215.7
10/1/2019,2019,Fall,Upstream,waterQ_FA19UR02,water,UFR,2,42.31936,-72.65462,,21.5,10.78,50,0.0000,8.03,16.3,10.9,215.7
10/1/2019,2019,Fall,Downstream,waterQ_FA19DR02,water,DSH,1,42.31524,-72.6411,,15,10.25,61,0.3350,7.61,17.8,8.8,215.8
10/1/2019,2019,Fall,Upstream,waterQ_FA19UR02,water,USR,3,42.31921,-72.65477,,18.5,10.83,138,0.0000,7.88,16.5,10.3,216
10/1/2019,2019,Fall,Downstream,waterQ_FA19DR02,water,DSP,3,42.31521,-72.64106,,16.5,10.23,136,0.2080,7.63,17.8,8.4,216.1
10/1/2019,2019,Fall,Upstream,waterQ_FA19UR02,water,UFR,3,42.31924,-72.65457,,37,10.83,46,0.0000,8.03,16.3,9.2,216.1
10/1/2019,2019,Fall,Downstream,waterQ_FA19DR02,water,DFR,1,42.31507,-72.64106,,15,10.08,114,0.0000,7.55,18,9.3,216.2
10/1/2019,2019,Fall,Upstream,waterQ_FA19UR02,water,UM,2,42.31931,-72.65482,,10.5,10.83,1029,0.5430,8.09,16.4,9.5,216.2
10/1/2019,2019,Fall,Upstream,waterQ_FA19UR02,water,UFR,1,42.31926,-72.65465,,26.5,10.84,66,0.0000,7.99,16.3,10.6,216.2
10/1/2019,2019,Fall,Downstream,waterQ_FA19DR02,water,DM,3,42.31508,-72.64105,,20.5,10.18,150,0.1140,7.61,17.9,9.2,216.3
10/1/2019,2019,Fall,Downstream,waterQ_FA19DR02,water,DM,1,42.31513,-72.64101,,23.5,9.99,157,0.0000,7.61,18.1,11.2,216.6
10/1/2019,2019,Fall,Downstream,waterQ_FA19DR02,water,DSR,3,42.31495,-72.64104,,19,10.14,84,0.0000,7.49,18.1,8.1,216.8
10/1/2019,2019,Fall,Downstream,waterQ_FA19DR02,water,DSR,2,42.31492,-72.64108,,23,10.15,95,0.0000,7.54,18.1,11.3,216.9
10/1/2019,2019,Fall,Downstream,waterQ_FA19DR02,water,DM,2,42.31512,-72.64107,,21,10.12,167,0.0000,7.61,18.1,9.1,217.3
10/1/2019,2019,Fall,Downstream,waterQ_FA19DR02,water,DFR,3,42.31511,-72.64106,,15,10.1,100,0.0000,7.56,18,8.4,217.6
10/1/2019,2019,Fall,Downstream,waterQ_FA19DR02,water,DSR,1,42.31494,-72.64106,,20,9.97,94,0.0000,7.56,18.1,12.8,218.4
10/3/2019,2019,Fall,Upstream,03URFA19,macros,USU,3,,,,,,,,,,11.2,215.6
10/3/2019,2019,Fall,Upstream,03URFA19,macros,USU,1,,,,,,,,7.95,,10.9,216.8
10/3/2019,2019,Fall,Upstream,03URFA19,macros,UM,2,,,,,,,,,,9,217.3
10/3/2019,2019,Fall,Upstream,03URFA19,macros,USR,4,,,,,,,,,,5,217.4
10/3/2019,2019,Fall,Upstream,03URFA19,macros,USR,2,,,,,,,,,,15.8,217.6
10/3/2019,2019,Fall,Upstream,03URFA19,macros,UFR,1,,,,,,,,7.98,,7.4,217.7
10/3/2019,2019,Fall,Upstream,03URFA19,macros,UM,3,,,,,,,,,,7.8,218
10/3/2019,2019,Fall,Upstream,03URFA19,macros,USH,3,,,,,,,,,,9.7,218.1
10/3/2019,2019,Fall,Upstream,03URFA19,macros,UFR,3,,,,,,,,,,10.4,218.1
10/3/2019,2019,Fall,Upstream,03URFA19,macros,UFR,2,,,,,,,,,,12,218.5
10/3/2019,2019,Fall,Upstream,03URFA19,macros,USR,1,,,,,,,,8,,7.4,219.1
10/3/2019,2019,Fall,Upstream,03URFA19,macros,USH,2,,,,,,,,,,10.4,219.1
10/3/2019,2019,Fall,Upstream,03URFA19,macros,USU,2,,,,,,,,,,9.3,219.5
10/3/2019,2019,Fall,Upstream,03URFA19,macros,USR,3,,,,,,,,,,17.2,219.8
10/3/2019,2019,Fall,Upstream,03URFA19,macros,UM,1,,,,,,,,7.96,,5.7,220.4
10/3/2019,2019,Fall,Upstream,03URFA19,macros,USH,4,,,,,,,,,,5.8,220.7
10/3/2019,2019,Fall,Upstream,03URFA19,macros,USH,1,,,,,,,,7.98,,10.9,221
9/18/2020,2020,Fall,Downstream,01DRFA20,macros,DFR,1,42.31507436,-72.64109021,44.04390205,13.5,10.41299811,61.99770196,0.0000,7.41,16,15.3,192.8
9/18/2020,2020,Fall,Downstream,01DRFA20,macros,DFR,2,42.31512144,-72.6411304,42.1195126,17,10.34910898,74.65273835,0.1131,7.41,16.1,10.2,193.9
9/18/2020,2020,Fall,Downstream,01DRFA20,macros,DM,1,42.31502031,-72.64118064,77.09999996,17,10.42113605,114.6139101,0.0050,7.42,16,13.2,195.7
9/18/2020,2020,Fall,Downstream,01DRFA20,macros,DM,2,42.31505408,-72.64118623,58.59512171,15.5,10.41408632,166.9843807,0.2669,7.42,16.1,11.7,194.3
9/18/2020,2020,Fall,Downstream,01DRFA20,macros,DSH,1,42.31525914,-72.64123107,60.74146364,11.5,10.56673577,35.54233285,0.2537,7.39,16,18.4,193.6
9/18/2020,2020,Fall,Downstream,01DRFA20,macros,DSH,2,42.31523095,-72.64124875,73.22926814,11,10.53053298,28.12940021,0.1126,7.4,16.2,14.3,193.2
9/18/2020,2020,Fall,Downstream,01DRFA20,macros,DSP,1,42.31536735,-72.64114864,49.02926794,13,10.65859512,162.2958516,0.0000,7.46,15.8,11.6,193.3
9/18/2020,2020,Fall,Downstream,01DRFA20,macros,DSP,2,42.31544653,-72.64104741,47.68048766,10,10.56657017,143.1930897,0.0000,7.47,16.1,13.2,193.2
9/18/2020,2020,Fall,Downstream,01DRFA20,macros,DSR,1,42.3149789,-72.64111719,49.12926837,17,10.36607879,81.00287859,0.0000,7.47,16.4,12.3,195.6
9/18/2020,2020,Fall,Downstream,01DRFA20,macros,DSR,2,42.31497974,-72.64110826,38.98536589,15.5,10.31192838,71.21773653,0.0000,7.42,16.9,15.2,192.8
9/19/2020,2020,Fall,Upstream,01URFA20,macros,UFR,1,42.320938,-72.65479,60,25,11.41,14,0.0060,7.62,11.7,13.8,202.2
9/19/2020,2020,Fall,Upstream,01URFA20,macros,UFR,2,42.32094,-72.65467,55,21,11.37,18,0.0080,7.61,11.7,9.7,203.6
9/19/2020,2020,Fall,Upstream,01URFA20,macros,UM,1,42.31931,-72.65473,60,12,10.5,30,0.2400,7.64,11.6,7.6,202.3
9/19/2020,2020,Fall,Upstream,01URFA20,macros,UM,2,42.31936,-72.65481,54,16,11.51,37,0.1700,7.66,11.8,9.5,201.9
9/19/2020,2020,Fall,Upstream,01URFA20,macros,USH,1,42.32048537,-72.65375221,61.20243928,20.5,11.67767486,844.8605205,0.0040,7.73,12.5,12.8,189.3
9/19/2020,2020,Fall,Upstream,01URFA20,macros,USH,2,42.32046332,-72.65371927,58.90731653,19,11.70918572,21.3969031,0.0180,7.74,12.6,8.9,186.6
9/19/2020,2020,Fall,Upstream,01URFA20,macros,USR,1,42.31918,-72.65482,47,15,10.69,66,0.0000,7.47,11.5,15.4,206.1
9/19/2020,2020,Fall,Upstream,01URFA20,macros,USR,2,42.31931,-72.65485,55,15,10.94,26,0.0000,7.48,11.5,12.6,203.5
9/19/2020,2020,Fall,Upstream,01URFA20,macros,USU,1,42.32062949,-72.65384246,105.5341464,25.5,11.77,1171.191903,0.0120,7.75,12.4,10.6,187.3
9/19/2020,2020,Fall,Upstream,01URFA20,macros,USU,2,42.32043699,-72.65364484,76.65609778,29,11.76,1035.534171,0.0110,7.77,12.6,11.6,187.2
9/20/2020,2020,Fall,Downstream,02DRFA20,macros,DFR,1,42.31515738,-72.6411972,44.24358994,15,10.8533352,87.8506172,0.0118,7.35,13.8,15.3,200.3
9/20/2020,2020,Fall,Downstream,02DRFA20,macros,DFR,2,42.31519337,-72.64114145,27.98717949,19.5,10.81670621,62.50148866,0.0664,7.36,13.9,18,202.1
9/20/2020,2020,Fall,Downstream,02DRFA20,macros,DM,1,42.31516657,-72.64097341,46.56666663,16,10.83340387,75.4407557,0.0102,7.4,14.3,16.3,198.5
9/20/2020,2020,Fall,Downstream,02DRFA20,macros,DM,2,42.31508979,-72.64108511,34.21538436,15.5,10.86057169,77.67095798,0.0442,7.38,14.3,16.4,201.6
9/20/2020,2020,Fall,Downstream,02DRFA20,macros,DSH,1,42.31533657,-72.64117666,46.06923069,17,10.76753949,526.1249077,0.3419,7.35,13.8,17.8,199.2
9/20/2020,2020,Fall,Downstream,02DRFA20,macros,DSH,2,42.31532121,-72.64118527,39.81794876,13,10.77786905,16.32969554,0.2737,7.35,13.9,17.4,202.5
9/20/2020,2020,Fall,Downstream,02DRFA20,macros,DSP,1,42.3154603,-72.64114634,42,10,10.68824421,40.26645567,0.0225,7.38,13.8,15.4,202.8
9/20/2020,2020,Fall,Downstream,02DRFA20,macros,DSP,2,42.31539633,-72.64111269,40.70769217,13,10.67444114,45.83312244,0.0348,7.37,13.9,18,200.7
9/20/2020,2020,Fall,Downstream,02DRFA20,macros,DSR,1,42.31507971,-72.64106907,43.05128234,13,11.23652132,912.7668055,0.0000,7.36,14.1,14.4,202.4
9/20/2020,2020,Fall,Downstream,02DRFA20,macros,DSR,2,42.31514075,-72.64105714,50.91282086,15,11.2098828,862.1178604,0.0000,7.33,14.6,13.6,200.2
9/25/2020,2020,Fall,Upstream,02URFA20,macros,UFR,1,42.31950036,-72.65460968,68.00512793,28.5,11.84829751,26.07578185,0.0001,8.14,15.4,8.5,214.9
9/25/2020,2020,Fall,Upstream,02URFA20,macros,UM,1,42.31939854,-72.65479865,46.06923108,16.5,11.84616378,193.6731106,0.3741,8.19,15.4,9.7,213.5
9/25/2020,2020,Fall,Upstream,02URFA20,macros,UM,2,42.31942817,-72.65482976,62.16410241,15.5,11.83269979,202.7800025,0.3924,8.2,15.4,7.8,213.3
9/25/2020,2020,Fall,Upstream,02URFA20,macros,UFR,2,42.31940196,-72.65461242,69.8564101,36.5,11.77910022,23.20638517,0.0001,8.13,15.4,6.3,214.1
9/25/2020,2020,Fall,Upstream,02URFA20,macros,USH,1,42.32042,-72.65369122,75.50000157,27,11.522598,84.22758521,0.1500,8.26,15.9,10.8,198
9/25/2020,2020,Fall,Upstream,02URFA20,macros,USH,2,42.32045515,-72.65371001,63.91538571,18,11.27929512,107.7947617,0.0316,8.23,15.8,8.4,196.4
9/25/2020,2020,Fall,Upstream,02URFA20,macros,USR,1,42.31922,-72.65783,53,17,11.78,117,0.0000,7.72,15.8,8.2,220.8
9/25/2020,2020,Fall,Upstream,02URFA20,macros,USR,2,42.31919851,-72.65471571,5.989743636,11,11.3859319,52.54047673,0.0013,7.91,15.2,11.2,216.1
9/25/2020,2020,Fall,Upstream,02URFA20,macros,USU,1,42.32026917,-72.65349755,67.67948698,16,11.56578531,99.3747246,0.1415,8.29,15.9,9.1,193.4
9/25/2020,2020,Fall,Upstream,02URFA20,macros,USU,2,42.3203037,-72.65360749,69.56923128,24.5,11.53799723,153.6346063,0.1712,8.3,15.8,6.6,199.1
9/26/2020,2020,Fall,Downstream,03DRFA20,macros,DFR,1,42.31518508,-72.6411745,44.21219542,16,10.14517948,70.9728862,0.0986,7.32,16.8,9.8,209.3
9/26/2020,2020,Fall,Downstream,03DRFA20,macros,DFR,2,42.31525979,-72.64115813,47.35121974,13.5,10.16399452,60.04333496,0.0773,7.35,16.8,18.3,211
9/26/2020,2020,Fall,Downstream,03DRFA20,macros,DM,1,42.31496997,-72.64118958,99.28780421,11,10.46110816,147.3040913,0.1319,7.42,16.9,13,201.3
9/26/2020,2020,Fall,Downstream,03DRFA20,macros,DM,2,42.3152504,-72.64104499,54.4024394,11,10.46341864,143.1522813,0.0203,7.39,16.9,15.2,207.5
9/26/2020,2020,Fall,Downstream,03DRFA20,macros,DSH,1,42.31536707,-72.64120297,46.49512175,14,10.16463325,7.063399914,0.0825,7.31,16.8,14.5,215.2
9/26/2020,2020,Fall,Downstream,03DRFA20,macros,DSH,2,42.31537275,-72.64119516,42.25121949,14.5,10.19307661,10.52412876,0.1023,7.31,16.8,11.5,217.2
9/26/2020,2020,Fall,Downstream,03DRFA20,macros,DSP,1,42.31534009,-72.64110658,55.48780488,11,9.934626075,43.24447277,0.0000,7.35,17,20,223.1
9/26/2020,2020,Fall,Downstream,03DRFA20,macros,DSP,2,42.3153546,-72.64103717,43.97804819,16,9.95184034,37.16757131,0.0000,7.35,17,29.2,226.2
9/26/2020,2020,Fall,Downstream,03DRFA20,macros,DSR,1,42.31502161,-72.64107123,51.16585373,15,9.660964215,97.11864383,0.0000,7.3,16.9,27.8,185.5
9/26/2020,2020,Fall,Downstream,03DRFA20,macros,DSR,2,42.31495145,-72.64115366,49.91951268,11,10.27726328,127.9227678,0.0000,7.37,16.9,27.7,218.2
9/27/2020,2020,Fall,Upstream,03URFA20,macros,UFR,1,42.31934813,-72.65464913,89.65853547,29,10.95355599,46.67149034,0.0000,7.8,17.1,13,222.7
9/27/2020,2020,Fall,Upstream,03URFA20,macros,UM,1,42.31938081,-72.65485764,59.33684148,13,10.96019528,153.4643406,0.2584,7.81,16.9,9.2,223.9
9/27/2020,2020,Fall,Upstream,03URFA20,macros,UM,2,42.31925881,-72.65478311,67.01219624,13.5,10.96719808,177.0507458,0.1920,7.78,16.9,19.8,223.6
9/27/2020,2020,Fall,Upstream,03URFA20,macros,UFR,2,42.31924085,-72.6546361,66.21463422,25,10.82536767,46.2190495,0.0000,7.74,17,23.8,219.6
9/27/2020,2020,Fall,Upstream,03URFA20,macros,USH,1,42.32042461,-72.65365247,52.72682916,12.5,10.85944135,78.42041725,0.0000,8.03,17.6,9.7,201.9
9/27/2020,2020,Fall,Upstream,03URFA20,macros,USH,2,42.32051701,-72.6536895,52.69756075,17,11.02900541,71.75268129,0.0000,8.03,17.4,9.4,203.6
9/27/2020,2020,Fall,Upstream,03URFA20,macros,USR,1,42.31924401,-72.65476432,46.11219546,16.5,10.42938439,77.03648057,0.0000,7.48,17.2,10,229.8
9/27/2020,2020,Fall,Upstream,03URFA20,macros,USR,2,42.319176,-72.6548127,54.50731724,10,10.52365673,100.3620236,0.0000,7.55,17.2,53.3,219.4
9/27/2020,2020,Fall,Upstream,03URFA20,macros,USU,1,42.3203673,-72.65359999,57.91219553,18,11.04507626,122.6850998,0.0535,8.01,17.3,6.4,200.7
9/27/2020,2020,Fall,Upstream,03URFA20,macros,USU,2,42.32037698,-72.65361432,80.70975625,20,11.13001994,157.1717373,0.2159,8.02,17.2,8.9,204
6/5/2020,2020,Summer,Upstream,01URSU20,macros,UFR,1,42.31940311,-72.65479502,42.92682927,29.5,10.42231889,86.89614229,0.0000,8.11,20.1,2.7,157.9
6/5/2020,2020,Summer,Upstream,01URSU20,macros,UFR,2,42.31926913,-72.65472226,48.27073176,33.5,10.49447213,111.8744251,0.0010,8.13,20.1,1.8,157.7
6/5/2020,2020,Summer,Upstream,01URSU20,macros,UM,1,42.31916636,-72.65463833,62.09418554,30,10.49357443,622.640523,0.1201,8.11,19.8,0.4,156.9
6/5/2020,2020,Summer,Upstream,01URSU20,macros,UM,2,42.31919247,-72.6546709,63.35609734,26,10.50110392,652.9670538,0.1062,8.11,19.8,1.5,156
6/5/2020,2020,Summer,Upstream,01URSU20,macros,USH,1,42.32044443,-72.65364577,62.41463489,12,10.14,85.22299833,0.0000,8.04,20.4,0,145
6/5/2020,2020,Summer,Upstream,01URSU20,macros,USH,2,42.32049572,-72.65379937,78.15373093,22.5,10.16234159,213.8214111,0.1085,8.04,20.4,1.9,143.5
6/5/2020,2020,Summer,Upstream,01URSU20,macros,USR,1,42.31919023,-72.65484619,51.27073204,27,10.44,172,0.0000,8.02,19.3,3.6,163.8
6/5/2020,2020,Summer,Upstream,01URSU20,macros,USR,2,42.31915134,-72.65485066,50.64878082,29.5,10.44,166,0.0000,8.02,19.3,3.3,160.3
6/5/2020,2020,Summer,Upstream,01URSU20,macros,USU,1,42.32044832,-72.65373194,50.98488377,16,9.836366482,323.8409216,0.1356,7.97,20.7,0.2,144.5
6/5/2020,2020,Summer,Upstream,01URSU20,macros,USU,2,42.32048425,-72.65365377,58.61707352,15,9.85,611.4959717,0.1493,7.97,20.7,3.3,144.3
6/6/2020,2020,Summer,Downstream,01DRSU20,macros,DFR,1,42.31501547,-72.64116613,43.04634169,18.5,9.287265633,1148.395982,0.1724,7.42,22.6,6.8,159
6/6/2020,2020,Summer,Downstream,01DRSU20,macros,DM,1,42.31525924,-72.64110975,53.99024387,15.5,9.286555929,1207.833401,0.0000,7.45,22.4,6.2,158.6
6/6/2020,2020,Summer,Downstream,01DRSU20,macros,DSH,1,42.31519262,-72.64115403,49.44390199,14,9.365845636,39.77487254,0.3985,7.43,22.6,2.9,158.8
6/6/2020,2020,Summer,Downstream,01DRSU20,macros,DSP,1,42.3153908,-72.64115273,45.79268237,15,9.202787201,1430.890283,0.2398,7.44,22.5,2.4,160.5
6/6/2020,2020,Summer,Downstream,01DRSU20,macros,DSR,1,42.31485813,-72.64114231,41.17073161,19,9.456971629,1230.941595,0.0829,7.43,22,2.2,160.3
6/7/2020,2020,Summer,Downstream,02DRSU20,macros,DFR,1,42.31507753,-72.64116669,48,16.4,8.972204372,97.97916856,0.0768,7.19,20.4,8.1,180.7
6/7/2020,2020,Summer,Downstream,02DRSU20,macros,DM,1,42.31512088,-72.64111403,46.64878064,16.1,9.060270753,116.2497942,0.0728,7.21,20.4,10,180.6
6/7/2020,2020,Summer,Downstream,02DRSU20,macros,DSH,1,42.31530681,-72.64121809,47.13157935,16.8,9.121988651,46.12248118,0.1386,7.2,20.1,12.7,179.1
6/7/2020,2020,Summer,Downstream,02DRSU20,macros,DSP,1,42.31550905,-72.64113933,56.32682893,11.9,9.262709875,161.1913637,0.0700,7.26,20.1,9.5,181.2
6/7/2020,2020,Summer,Downstream,02DRSU20,macros,DSR,1,42.31501733,-72.64105243,70.66097501,19,9.04136897,89.48747502,0.1901,7.19,20.5,9.7,182
6/7/2020,2020,Summer,Upstream,02URSU20,macros,UFR,1,42.31926266,-72.65451291,56.85263182,37.3,10.01968666,62.40463257,0.0766,7.55,17.8,6.3,166.5
6/7/2020,2020,Summer,Upstream,02URSU20,macros,UFR,2,42.31925536,-72.65454585,52.61219453,26.8,9.986292526,67.73482922,0.0172,7.53,17.9,5.3,166.7
6/7/2020,2020,Summer,Upstream,02URSU20,macros,UM,1,42.31951051,-72.6547709,78.0605278,23.2,9.994377382,181.7293865,0.3299,7.57,17.9,3.7,163.7
6/7/2020,2020,Summer,Upstream,02URSU20,macros,UM,2,42.31944508,-72.65475706,87.13170735,25.5,10.01240963,265.971339,0.4937,7.56,17.9,3.3,163.4
6/7/2020,2020,Summer,Upstream,02URSU20,macros,USH,1,42.32050463,-72.65365656,55.11707334,23,10.13739639,81.80928785,0.0543,7.65,18.1,5.3,148.5
6/7/2020,2020,Summer,Upstream,02URSU20,macros,USH,2,42.32051533,-72.65375723,58.53902435,28.2,10.11990613,57.0270627,0.2810,7.65,18.2,6.1,148.2
6/7/2020,2020,Summer,Upstream,02URSU20,macros,USR,1,42.31929007,-72.65476599,64.82195059,11.1,9.700266045,120.9711474,-0.0002,7.46,17.7,5.6,176.9
6/7/2020,2020,Summer,Upstream,02URSU20,macros,USR,2,42.31930198,-72.65482647,63.63658561,20.6,9.749921668,52.81492721,-0.0001,7.48,17.7,5.2,167.8
6/7/2020,2020,Summer,Upstream,02URSU20,macros,USU,1,42.32051273,-72.65363665,71.55122022,11.3,10.11206785,106.4344894,0.0992,7.66,18,7.8,148.3
6/7/2020,2020,Summer,Upstream,02URSU20,macros,USU,2,42.32035777,-72.65364918,74.64473584,18.7,10.15392875,179.6332071,0.0455,7.7,18.2,3.6,147.9
6/8/2020,2020,Summer,Upstream,03URSU20,macros,UFR,1,42.31954093,-72.65466309,69.03157806,30.6,10.42616783,125.1192791,0.0820,7.57,16.3,2.8,173.3
6/8/2020,2020,Summer,Upstream,03URSU20,macros,UFR,2,42.31930337,-72.65453506,44.07804843,32.8,10.4233519,24.42115961,0.0257,7.57,16.4,3.1,172.6
6/8/2020,2020,Summer,Upstream,03URSU20,macros,UM,1,42.31928784,-72.65485177,54.80731759,19.7,10.48586105,224.092173,0.1336,7.57,16.2,1.8,170.3
6/8/2020,2020,Summer,Upstream,03URSU20,macros,UM,2,42.3192254,-72.65475054,50.44390255,19.1,10.49889595,418.2008255,0.2232,7.59,16.2,5.6,170.7
6/8/2020,2020,Summer,Upstream,03URSU20,macros,USH,1,42.32042527,-72.6538326,83.69999993,16.5,10.51495892,97.3005073,0.0096,7.68,17.1,5.7,151.1
6/8/2020,2020,Summer,Upstream,03URSU20,macros,USH,2,42.3205158,-72.653723,56.65121981,18.3,10.51882286,45.67434621,0.0161,7.68,17.1,6.5,152.5
6/8/2020,2020,Summer,Upstream,03URSU20,macros,USR,1,42.31927239,-72.65482349,54.03414601,26.2,10.24794462,26.81998319,0.0000,7.5,15.9,4.2,175.4
6/8/2020,2020,Summer,Upstream,03URSU20,macros,USR,2,42.31929444,-72.65480339,54.45853666,19.4,10.32161189,39.38364428,0.0000,7.52,15.9,2.1,172.8
6/8/2020,2020,Summer,Upstream,03URSU20,macros,USU,1,42.32038954,-72.65356817,87.86585403,16.9,10.54802324,1586.404845,0.2515,7.7,17.2,2.4,151.9
6/8/2020,2020,Summer,Upstream,03URSU20,macros,USU,2,42.32035111,-72.65380636,83.56097635,21.3,10.53539051,1448.727098,0.2548,7.7,17.4,4.4,153.5
6/9/2020,2020,Summer,Downstream,03DRSU20,macros,DFR,1,42.31509511,-72.64113115,46.13902422,15,9.776858877,146.8960074,0.0000,7.37,18.6,3,168.2
6/9/2020,2020,Summer,Downstream,03DRSU20,macros,DM,1,42.31513465,-72.64106992,38.30243962,18,9.719096857,200.4321786,0.2659,7.4,19.1,6.1,167.7
6/9/2020,2020,Summer,Downstream,03DRSU20,macros,DSH,1,42.31527449,-72.6412093,41.46097546,14.5,9.747934496,46.01766897,0.4873,7.37,18.7,1.9,167.7
6/9/2020,2020,Summer,Downstream,03DRSU20,macros,DSP,1,42.31537796,-72.6412815,19.31951211,11.5,9.757799382,1125.231898,0.1485,7.41,18.9,5.1,169
6/9/2020,2020,Summer,Downstream,03DRSU20,macros,DSR,1,42.31497285,-72.64115273,46.60487803,16,10.0146728,430.7281139,0.0008,7.39,18.9,8.2,176.2
